{"text": " A quick recap of the plot, a government got in the way of Phil and I, so we blew it up. Now we're chillin' in the north with this guy called Rambo, but as time goes by, I'm starting to realize that there's something different about our new neighbor-", "segments": [{"id": 0, "seek": 0, "start": 0.0, "end": 4.5600000000000005, "text": " A quick recap of the plot, a government got in the way of Phil and I, so we blew it up.", "tokens": [50364, 316, 1702, 20928, 295, 264, 7542, 11, 257, 2463, 658, 294, 264, 636, 295, 7777, 293, 286, 11, 370, 321, 19075, 309, 493, 13, 50592], "temperature": 0.0, "avg_logprob": -0.17894690177019903, "compression_ratio": 1.3681318681318682, "no_speech_prob": 0.027310999110341072}, {"id": 1, "seek": 0, "start": 4.5600000000000005, "end": 8.4, "text": " Now we're chillin' in the north with this guy called Rambo, but as time goes by,", "tokens": [50592, 823, 321, 434, 11355, 259, 6, 294, 264, 6830, 365, 341, 2146, 1219, 9078, 1763, 11, 457, 382, 565, 1709, 538, 11, 50784], "temperature": 0.0, "avg_logprob": -0.17894690177019903, "compression_ratio": 1.3681318681318682, "no_speech_prob": 0.027310999110341072}, {"id": 2, "seek": 0, "start": 8.4, "end": 12.0, "text": " I'm starting to realize that there's something different about our new neighbor-", "tokens": [50784, 286, 478, 2891, 281, 4325, 300, 456, 311, 746, 819, 466, 527, 777, 5987, 12, 50964], "temperature": 0.0, "avg_logprob": -0.17894690177019903, "compression_ratio": 1.3681318681318682, "no_speech_prob": 0.027310999110341072}], "language": "English"}