{"text": " The innkeep brought buttered peas as well, and oat and bread still hot from her oven. This is what it means to be a knight, he told himself as he sucked the last bit of meat off the bone. Good food, and ale whenever I want it, and no one to clout me in", "segments": [{"id": 0, "seek": 0, "start": 0.0, "end": 4.96, "text": " The innkeep brought buttered peas as well, and oat and bread still hot from her oven.", "tokens": [50364, 440, 7714, 16055, 3038, 5517, 292, 24494, 382, 731, 11, 293, 36792, 293, 5961, 920, 2368, 490, 720, 9090, 13, 50612], "temperature": 0.0, "avg_logprob": -0.24361786752376915, "compression_ratio": 1.4166666666666667, "no_speech_prob": 0.825745701789856}, {"id": 1, "seek": 0, "start": 4.96, "end": 9.4, "text": " This is what it means to be a knight, he told himself as he sucked the last bit of meat", "tokens": [50612, 639, 307, 437, 309, 1355, 281, 312, 257, 26054, 11, 415, 1907, 3647, 382, 415, 26503, 264, 1036, 857, 295, 4615, 50834], "temperature": 0.0, "avg_logprob": -0.24361786752376915, "compression_ratio": 1.4166666666666667, "no_speech_prob": 0.825745701789856}, {"id": 2, "seek": 0, "start": 9.4, "end": 10.4, "text": " off the bone.", "tokens": [50834, 766, 264, 9026, 13, 50884], "temperature": 0.0, "avg_logprob": -0.24361786752376915, "compression_ratio": 1.4166666666666667, "no_speech_prob": 0.825745701789856}, {"id": 3, "seek": 1040, "start": 10.4, "end": 13.96, "text": " Good food, and ale whenever I want it, and no one to clout me in", "tokens": [50370, 2205, 1755, 11, 293, 6775, 5699, 286, 528, 309, 11, 293, 572, 472, 281, 596, 346, 385, 294, 50542], "temperature": 0.0, "avg_logprob": -0.4180112112136114, "compression_ratio": 0.9846153846153847, "no_speech_prob": 0.9606238007545471}], "language": "English"}