{"text": " old men. Despair made him shout. Are there no true knights among you? Only silence answered. Across the field, Prince Aerion laughed. The dragon is not mocked.", "segments": [{"id": 0, "seek": 0, "start": 0.0, "end": 2.58, "text": " old men. Despair made him shout.", "tokens": [50364, 1331, 1706, 13, 9891, 1246, 1027, 796, 8043, 13, 50493], "temperature": 0.0, "avg_logprob": -0.3444452907728112, "compression_ratio": 1.2421875, "no_speech_prob": 0.7082409858703613}, {"id": 1, "seek": 0, "start": 2.58, "end": 6.72, "text": " Are there no true knights among you?", "tokens": [50493, 2014, 456, 572, 2074, 48218, 3654, 291, 30, 50700], "temperature": 0.0, "avg_logprob": -0.3444452907728112, "compression_ratio": 1.2421875, "no_speech_prob": 0.7082409858703613}, {"id": 2, "seek": 0, "start": 6.72, "end": 11.700000000000001, "text": " Only silence answered. Across the field, Prince Aerion laughed.", "tokens": [50700, 5686, 12239, 10103, 13, 34527, 264, 2519, 11, 9821, 32459, 313, 20881, 13, 50949], "temperature": 0.0, "avg_logprob": -0.3444452907728112, "compression_ratio": 1.2421875, "no_speech_prob": 0.7082409858703613}, {"id": 3, "seek": 0, "start": 11.700000000000001, "end": 13.700000000000001, "text": " The dragon is not mocked.", "tokens": [50949, 440, 12165, 307, 406, 17362, 292, 13, 51049], "temperature": 0.0, "avg_logprob": -0.3444452907728112, "compression_ratio": 1.2421875, "no_speech_prob": 0.7082409858703613}], "language": "English"}