{"text": " I wanted to catch him in the act because I'm always getting comments saying oh my god Technoblade Why are you so mean to squid? They don't understand. This is war. There's no holding back I know that and squid knows that the only difference is that I'm 20 steps ahead. He's playing skyblock while I'm playing", "segments": [{"id": 0, "seek": 0, "start": 0.0, "end": 3.56, "text": " I wanted to catch him in the act because I'm always getting comments saying oh my god Technoblade", "tokens": [50364, 286, 1415, 281, 3745, 796, 294, 264, 605, 570, 286, 478, 1009, 1242, 3053, 1566, 1954, 452, 3044, 8337, 996, 75, 762, 50542], "temperature": 0.0, "avg_logprob": -0.1707646541106395, "compression_ratio": 1.5098039215686274, "no_speech_prob": 0.6447080969810486}, {"id": 1, "seek": 0, "start": 3.56, "end": 7.2, "text": " Why are you so mean to squid? They don't understand. This is war. There's no holding back", "tokens": [50542, 1545, 366, 291, 370, 914, 281, 28015, 30, 814, 500, 380, 1223, 13, 639, 307, 1516, 13, 821, 311, 572, 5061, 646, 50724], "temperature": 0.0, "avg_logprob": -0.1707646541106395, "compression_ratio": 1.5098039215686274, "no_speech_prob": 0.6447080969810486}, {"id": 2, "seek": 0, "start": 7.2, "end": 13.82, "text": " I know that and squid knows that the only difference is that I'm 20 steps ahead. He's playing skyblock while I'm playing", "tokens": [50724, 286, 458, 300, 293, 28015, 3255, 300, 264, 787, 2649, 307, 300, 286, 478, 945, 4439, 2286, 13, 634, 311, 2433, 5443, 28830, 1339, 286, 478, 2433, 51055], "temperature": 0.0, "avg_logprob": -0.1707646541106395, "compression_ratio": 1.5098039215686274, "no_speech_prob": 0.6447080969810486}], "language": "English"}